lemma,translation,paradigm,difficulty,categories
pes,dog,pán,A1,animals
den,day,hrad,A1,time
dítě,child,kuře,A1,family
chléb,bread,hrad,A1,food
oko,eye,město,A1,body
ucho,ear,město,A1,body
člověk,person,pán,A1,"misc,people"
muž,man,muž,A1,family
chlapec,boy,pán,A1,family
student,student,pán,A1,"misc,people"
přítel,friend,muž,A1,"misc,people"
bratr,brother,pán,A1,family
otec,father,pán,A1,family
syn,son,pán,A1,family
kocour,tomcat,pán,A1,animals
dům,house,hrad,A1,places
stůl,table,hrad,A1,objects
stromek,small tree,hrad,A2,nature
sešit,notebook,hrad,A1,objects
telefon,phone,hrad,A1,objects
počítač,computer,stroj,A1,objects
vlak,train,hrad,A1,transportation
autobus,bus,hrad,A1,transportation
most,bridge,hrad,A1,places
park,park,hrad,A1,places
les,forest,hrad,A1,nature
hrad,castle,hrad,A1,places
hotel,hotel,hrad,A1,places
obchod,shop,hrad,A1,places
žena,woman,žena,A1,family
matka,mother,žena,A1,family
dcera,daughter,žena,A1,family
sestra,sister,žena,A1,family
přítelkyně,girlfriend,růže,A1,family
kniha,book,žena,A1,objects
škola,school,žena,A1,places
ulice,street,růže,A1,places
vesnice,village,růže,A1,places
kavárna,cafe,žena,A1,places
restaurace,restaurant,růže,A1,places
místnost,room,kost,A1,places
kočka,cat,žena,A1,animals
růže,rose,růže,A1,nature
věc,thing,kost,A1,misc
práce,work,růže,A1,misc
radost,joy,kost,A1,"misc,abstract"
noc,night,kost,A1,time
věž,tower,růže,A1,places
tramvaj,tram,růže,A1,transportation
město,city,město,A1,places
moře,sea,moře,A1,nature
okno,window,město,A1,objects
kuře,chicken,kuře,A1,animals
děvče,girl,kuře,A1,family
kino,cinema,město,A1,places
nádraží,station,stavení,A1,places
náměstí,square,stavení,A1,places
auto,car,město,A1,transportation
pivo,beer,město,A1,food
víno,wine,město,A1,food
jídlo,food,město,A1,food
maso,meat,město,A1,food
jablko,apple,město,A1,food
slovo,word,město,A1,misc
gymnázium,high school,město,A2,places
muzeum,museum,město,A1,places
pero,pen,město,A1,objects
tužka,pencil,žena,A1,objects
papír,paper,hrad,A1,objects
zápisník,notepad,hrad,A2,objects
taška,bag,žena,A1,objects
kabelka,handbag,žena,A2,objects
bota,shoe,žena,A1,objects
košile,shirt,růže,A1,objects
hlava,head,žena,A1,body
ruka,hand,žena,A1,body
noha,leg,žena,A1,body
nos,nose,hrad,A1,body
srdce,heart,moře,A1,body
mléko,milk,město,A1,food
sýr,cheese,hrad,A1,food
máslo,butter,město,A1,food
ryba,fish,žena,A1,food
vejce,egg,moře,A1,food
káva,coffee,žena,A1,food
čaj,tea,stroj,A1,food
voda,water,žena,A1,food
týden,week,hrad,A1,time
měsíc,month,hrad,A1,time
rok,year,hrad,A1,time
hodina,hour,žena,A1,time
minuta,minute,žena,A1,time
rodina,family,žena,A1,family
babička,grandmother,žena,A1,family
dědeček,grandfather,pán,A1,family
strýc,uncle,pán,A1,family
teta,aunt,žena,A1,family
manžel,husband,pán,A1,family
manželka,wife,žena,A1,family
strom,tree,hrad,A1,nature
květ,blossom,hrad,A1,nature
tráva,grass,žena,A1,nature
hora,mountain,žena,A1,"nature,places"
řeka,river,žena,A1,nature
jezero,lake,město,A1,nature
slunce,sun,moře,A1,nature
hvězda,star,žena,A1,nature
obloha,sky,žena,A1,nature
život,life,hrad,A1,misc
smrt,death,kost,A2,misc
čas,time,hrad,A1,time
láska,love,žena,A1,misc
štěstí,happiness,stavení,A1,misc
problém,problem,hrad,A1,misc
otázka,question,žena,A1,misc
odpověď,answer,kost,A1,misc
pravda,truth,žena,A1,"misc,abstract"
svoboda,freedom,žena,A2,"misc,abstract"
doba,time,,A1,time
místo,place,,A1,places
strana,side,,A1,misc
země,country,,A1,places
případ,case,,A2,misc
svět,world,,A1,places
cesta,way,,A1,misc
část,part,,A1,"misc,abstract"
konec,end,,A1,time
chvíle,while,,A1,misc
způsob,way,,A2,misc
společnost,company,,B1,misc
řada,turn,,A1,misc
koruna,crown,,A1,misc
možnost,possibility,,A1,misc
stát,state,,A2,places
skupina,group,,A1,misc
cena,price,,A1,misc
systém,system,,A2,misc
oblast,area,,B1,places
situace,situation,,A2,misc
většina,majority,,B1,misc
firma,firm,,A2,misc
jméno,name,,A1,misc
příjmení,surname,,A1,misc
důvod,reason,,A1,misc
změna,change,,A1,misc
síla,force,,A1,"misc,abstract"
výsledek,result,,A2,"misc,abstract"
pohled,look,,A2,misc
zájem,interest,,A2,"misc,abstract"
vztah,relation,,A1,misc
informace,information,,A2,misc
stav,condition,,A2,misc
základ,foundation,,A2,misc
podmínka,condition,,A2,misc
služba,service,,A1,misc
zákon,law,,A2,misc
počet,number,,A1,misc
tvář,face,růže,A1,body
právo,right,,A2,misc
začátek,beginning,,A1,time
pocit,feeling,,A1,"misc,abstract"
skutečnost,reality,,A2,misc
typ,type,,A2,misc
směr,direction,,A2,misc
hlas,voice,,A1,misc
druh,kind/sort,hrad,A2,misc
vláda,government,,A2,misc
cíl,goal,stroj,A2,misc
tělo,body,,A1,body
smysl,sense,,B1,"misc,abstract"
rozdíl,difference,,A1,misc
program,programme,,A1,misc
člen,member,pán,A1,"misc,people"
prostor,space,,A2,places
forma,form,,A2,misc
činnost,activity,,A2,misc
hodnota,value,,A2,"misc,abstract"
polovina,half,,A2,misc
republika,republic,,A2,misc
názor,opinion,,A1,"misc,abstract"
prostředí,environment,,A2,misc
léto,summer,,A1,"time,nature"
zpráva,news,,A1,misc
osoba,person,,A1,"misc,people"
století,century,,A2,time
válka,war,,A2,misc
období,period,,A1,time
hra,game,,A1,misc
procento,per cent,,A2,misc
číslo,number,,A1,misc
trh,market,,A2,places
úřad,authority,,A1,"misc,people"
vývoj,development,,A1,misc
proces,process,,A2,misc
prostředek,means,,A2,misc
úroveň,level,růže,A2,misc
role,role,,A2,misc
vliv,influence,,A2,"misc,abstract"
akce,action,,A2,misc
míra,rate,,A2,"misc,abstract"
pomoc,help,,A1,misc
krok,footstep,,A2,misc
světlo,light,,A2,misc
funkce,function,,A2,misc
ředitel,director,,A1,"misc,people"
zkušenost,experience,,A1,"misc,abstract"
představa,idea,,A1,"misc,abstract"
pokoj,room,,A1,places
kluk,boy,,A1,"family,people"
potřeba,need,,A1,misc
rámec,framework,,A2,misc
obraz,picture,,A2,objects
zdroj,source,,A2,misc
součást,part,,A2,"misc,abstract"
řešení,solution,,A2,misc
postup,procedure,,A2,misc
film,film,,A1,misc
hranice,border,,A1,places
dílo,work,,A2,misc
kolo,round,,A2,misc
rada,advice,,A1,misc
množství,amount,,A2,misc
podoba,form,,A2,misc
byt,flat,,A1,places
stránka,side,,A2,misc
centrum,centre,,A1,places
okamžik,moment,,A1,time
metr,metre,,A1,misc
holka,girl,,A1,"family,people"
bůh,God,,A1,misc
spousta,plenty,,A1,misc
bod,point,,A1,misc
televize,television,,A2,objects
myšlenka,thought,,A1,"misc,abstract"
vedení,management,,A2,misc
policie,police,,A1,misc
materiál,material,,A1,misc
podnik,enterprise,,A2,misc
úspěch,success,,A2,"misc,abstract"
soud,court,,A2,misc
podstata,essence,,A2,misc
autor,author,,A1,"misc,people"
význam,importance,,A1,misc
škoda,damage,,A1,misc
úkol,task,,A1,misc
věk,age,,A1,time
počátek,beginning,,A1,time
organizace,organization,,A2,misc
táta,dad,,A1,family
kus,piece,,A1,misc
barva,colour,,A1,misc
příklad,example,,A1,misc
jednání,negotiation,,A2,misc
smlouva,contract,,A2,misc
plán,plan,,A1,misc
pohyb,movement,,A2,misc
večer,evening,,A1,time
fakt,fact,,A1,misc
rozhodnutí,decision,,A2,misc
kousek,bit,,A1,misc
rodič,parent,,A1,"family,people"
neděle,Sunday,,A1,time
projekt,project,,A1,misc
jazyk,language,,A1,misc
přístup,approach,,A2,misc
návrh,proposal,,A2,misc
náklad,expense,,A2,misc
výkon,performance,,A2,"misc,people"
vlas,hair,,A1,body
strach,fear,,A1,"misc,abstract"
závěr,conclusion,,A2,misc
průběh,course,,A2,misc
volba,election,,A2,"misc,event"
řízení,proceeding,,A2,misc
podpora,support,,A2,misc
klub,club,,A1,misc
let,flight,,A1,transportation
zařízení,facility,,A1,misc
schopnost,ability,,A2,"misc,abstract"
stovka,hundred,,A1,misc
kraj,region,,A1,places
název,title,,A1,misc
máma,mum,,A1,family
šéf,boss,,A1,"misc,people"
pozornost,attention,,A1,"misc,abstract"
odpověď,answer,,A1,misc
zima,winter,,A1,"time,nature"
prezident,president,,A2,"misc,people"
politika,politics,,A2,misc
sobota,Saturday,,A1,time
souvislost,connection,,A2,misc
důsledek,consequence,,A2,misc
zbytek,rest,,A1,misc
příležitost,opportunity,,A2,misc
předmět,subject,,A1,misc
řeč,speech,,A1,misc
boj,fight,,A2,"misc,event"
požadavek,demand,,A2,"misc,people"
výroba,production,,A2,misc
ministr,minister,,A2,"misc,people"
hledisko,position,,A2,misc
téma,theme,,A1,misc
stavba,construction,,A2,misc
vzduch,air,,A1,misc
obyvatel,inhabitant,,A1,"misc,people"
rameno,shoulder,,A1,body
snaha,effort,,A1,"misc,abstract"
prst,finger,,A1,body
pátek,Friday,,A1,time
třída,class,,A1,misc
pole,field,,A2,"nature,places"
kvalita,quality,,A1,"misc,abstract"
pořádek,order,,A1,misc
ministerstvo,ministry,,A2,misc
událost,event,,A2,misc
divadlo,theatre,,A1,places
vůz,vehicle,,A1,transportation
návštěva,visit,,A2,misc
okolí,surroundings,,A2,misc
síť,network,růže,A2,misc
budova,building,,A1,places
klid,calm,,A1,misc
list,leaf,,A1,nature
historie,history,,A2,"misc,abstract"
chyba,mistake,,A1,misc
lékař,doctor,,A2,"misc,people"
ochrana,protection,,A2,misc
nemocnice,hospital,,A1,places
soutěž,contest,růže,A2,misc
šance,chance,,A1,misc
čelo,forehead,,A1,body
pokus,attempt,,A1,misc
zástupce,deputy,,A1,"misc,people"
tým,team,,A1,"misc,people"
stupeň,level,,A2,misc
metoda,method,,A2,misc
příprava,preparation,,A1,misc
majitel,owner,,A1,"misc,people"
pravidlo,rule,,A1,"misc,abstract"
krev,blood,růže,A1,body
desítka,ten,,A1,misc
postel,bed,růže,A1,objects
nabídka,offer,,A1,misc
září,September,,A1,time
zahrada,garden,,A1,"nature,places"
ztráta,loss,,A1,misc
umění,art,,A2,"misc,abstract"
záležitost,concern,,A2,misc
rozvoj,development,,A2,misc
kontrola,control,,A1,misc
předseda,chairman,,A2,"misc,people"
text,text,,A1,misc
chvilka,a (little) while,,A1,misc
obec,village,růže,A1,places
dívka,girl,,A1,"family,people"
obličej,face,,A1,body
studium,studies,,A1,misc
minulost,past,,A1,time
ohled,respect,,A2,misc
občan,citizen,,A2,"misc,people"
chuť,flavour,růže,A2,misc
technika,technology,,A2,misc
rozhovor,conversation,,A1,misc
veřejnost,public,,A1,misc
příčina,cause,,A2,"misc,abstract"
dopis,letter,,A1,objects
postava,figure,,A2,misc
praxe,practice,,A1,misc
zaměstnanec,employee,,A1,"misc,people"
vstup,entrance,,A1,misc
kultura,culture,,A2,"misc,abstract"
dojem,impression,,A1,misc
aktivita,activity,,A1,misc
spolupráce,cooperation,,A1,misc
hudba,music,,A1,misc
banka,bank,,A2,places
provoz,operation,,A2,misc
odborník,expert,,A1,"misc,people"
tlak,pressure,,A1,misc
stěna,wall,,A1,places
pracovník,worker,,A1,"misc,people"
zeď,wall,,A2,places
silnice,road,,A1,places
obsah,content,,A2,misc
kamarád,friend,,A1,"misc,people"
naděje,hope,,A1,"misc,abstract"
chlap,man,,A1,"misc,people"
zvíře,animal,,A1,animals
chování,behaviour,,A2,misc
struktura,structure,,A2,misc
maminka,mum,,A1,family
vznik,origin,,A2,misc
článek,article,,A1,"misc,abstract"
pondělí,Monday,,A1,time
povinnost,duty,,A2,"misc,abstract"
energie,energy,,A2,misc
starost,worry,,A1,misc
sen,dream,,A1,"misc,abstract"
výše,height,,A1,misc
úvaha,consideration,,A1,"misc,abstract"
území,area,,A1,places
výraz,expression,,A1,misc
poměr,ratio,,A1,"misc,abstract"
příběh,story,,A2,misc
kancelář,office,růže,A1,places
výhoda,advantage,,A1,"misc,abstract"
osud,fate,,A1,misc
spojení,conjunction,,A2,misc
kolega,colleague,,A1,"misc,people"
prvek,element,,A2,misc
princip,principle,,A2,misc
doktor,doctor,,A1,"misc,people"
nedostatek,lack,,A2,misc
útok,attack,,A2,misc
výjimka,exception,,A2,misc
zkouška,test,,A1,misc
host,guest,,A1,"misc,people"
látka,fabric,,A1,misc
pohoda,contentment,,A2,misc
budoucnost,future,,A1,time
velikost,size,,A1,misc
leden,January,,A1,time
nástroj,tool,,A2,objects
obor,profession,,A1,misc
model,model,,A2,misc
styl,style,,A1,misc
kámen,stone,,A1,nature
jednotka,unit,,A1,misc
víkend,weekend,,A1,time
pozice,position,,A1,misc
rána,wound,,A1,misc
dispozice,disposal,,A2,misc
krk,neck,,A1,body
prodej,sale,,A1,misc
údaj,(a piece of) information,,A2,misc
podíl,share,,A2,misc
účel,purpose,,A2,misc
tvar,shape,,A1,misc
příroda,nature,,A2,nature
postavení,status,,A2,misc
duše,soul,,A1,"misc,abstract"
půda,land,,A1,places
doprava,transport,,A1,transportation
ráno,morning,,A1,time
scéna,scene,,A1,misc
projev,expression,,A2,misc
moc,power,,A1,"misc,abstract"
kilometr,kilometre,,A1,misc
proud,stream,,A1,misc
výběr,selection,,A1,"misc,event"
osobnost,personality,,A2,"misc,people"
správa,management,,A2,misc
řád,order,,A2,misc
zdraví,health,,A2,misc
zákazník,client,,A1,"misc,people"
dolar,dollar,,A2,misc
zahraničí,foreign countries,,A2,misc
úprava,adjustment,,A2,misc
rychlost,speed,,A1,misc
zápas,fight,,A1,"misc,event"
majetek,possession,,A1,misc
červen,June,,A1,time
reakce,response,,A2,misc
květen,May,,A1,time
zub,tooth,,A1,body
stanice,station,,A1,places
oběd,lunch,,A1,"food,meal"
loď,ship,růže,A2,transportation
vrstva,layer,,A2,misc
orgán,organ,,A2,misc
objekt,object,,A2,misc
jaro,spring,,A1,"time,nature"
plocha,surface,,A1,misc
potíž,trouble,růže,A1,misc
stroj,machine,,A1,objects
policista,policeman,,A2,"misc,people"
čin,deed,,A1,misc
kůže,skin,,A1,body
časopis,magazine,,A2,misc
vítr,wind,,A1,nature
datum,date,,A1,time
divák,viewer,,A1,"misc,people"
péče,aid,,A1,misc
kuchyně,kitchen,,A1,places
nebezpečí,danger,,A1,misc
návrat,return,,A1,misc
charakter,character,,A1,misc
partner,partner,,A1,"misc,people"
voják,soldier,,A2,"misc,people"
kůň,horse,,A1,animals
okolnost,circumstance,,A2,misc
vlna,wave,,A2,misc
růst,growth,,A1,misc
zásada,principle,,A2,misc
opatření,measure,,A2,misc
tvorba,production,,A2,misc
oběť,victim,,A2,"misc,people"
čtvrtek,Thursday,,A1,time
účast,involvement,,A2,misc
fotografie,photograph,,A1,objects
středa,Wednesday,,A1,time
zbraň,weapon,růže,A2,objects
zboží,goods,,A2,misc
komise,committee,,A2,misc
úsměv,smile,,A1,misc
předpoklad,condition,,A2,misc
vlastnost,quality,,A2,"misc,abstract"
kontakt,contact,,A1,misc
stopa,trace,,A1,misc
domov,home,,A1,places
termín,deadline,,A1,misc
použití,use,,A2,misc
internet,the Internet,,A1,misc
univerzita,university,,A1,misc
zvuk,sound,,A1,misc
obrázek,picture,,A1,objects
nápad,idea,,A1,"misc,abstract"
celek,whole,,A2,misc
deska,board,,A1,objects
existence,existence,,A2,misc
výrobek,product,,A1,misc
unie,union,,A2,misc
obava,concern,,A1,misc
listopad,November,,A1,time
titul,title,,A1,misc
říjen,October,,A1,time
tma,dark,,A2,misc
riziko,risk,,A1,misc
pojem,notion,,A2,misc
střecha,roof,,A1,places
hráč,player,,A1,"misc,people"
operace,operation,,A2,misc
vědomí,awareness,,A1,"misc,abstract"
hospoda,pub,,A1,places
výška,height,,A1,misc
přednost,advantage,,A1,"misc,abstract"
mysl,mind,,A1,"misc,abstract"
agentura,agency,,A2,misc
generace,generation,,A2,"misc,abstract"
roh,corner,,A1,places
březen,March,,A1,time
tradice,tradition,,A2,"misc,abstract"
barák,house,,A2,places
oddělení,section,,A2,misc
výstava,exhibition,,A2,misc
technologie,technology,,A2,misc
nárok,right,,A2,"misc,abstract"
bolest,pain,,A1,body
komunikace,communication,,A2,misc
okraj,edge,,A1,misc
dohoda,agreement,,A2,misc
vůle,will,,A2,misc
armáda,army,,A2,misc
příjem,reception,,A2,misc
závod,race,,A2,"misc,event"
paměť,memory,,A2,"misc,abstract"
výzkum,research,,A2,"misc,abstract"
soubor,set,,A2,misc
duben,April,,A1,time
rozsah,extent,,A2,misc
řidič,driver,,A1,"misc,people"
kapsa,pocket,,A2,misc
král,king,,A1,"misc,people"
učitel,teacher,,A1,"misc,people"
adresa,address,,A1,misc
setkání,meeting,,A2,"misc,event"
využití,use,,A2,misc
večeře,dinner,,A1,"food,meal"
stín,shadow,,A1,misc
pád,drop,,A1,misc
nemoc,illness,,A1,body
srpen,August,,A1,time
jistota,confidence,,A1,misc
kategorie,category,,A2,misc
podzim,autumn,,A1,"time,nature"
důkaz,proof,,A1,misc
postoj,posture,,A1,misc
díl,part,,A1,"misc,abstract"
karta,card,,A1,objects
koleno,knee,,A1,body
povrch,surface,,A1,misc
mistr,master,,A1,misc
sezóna,season,,A1,time
knížka,book,,A2,objects
spor,dispute,,A1,misc
přítomnost,presence,,A2,misc
délka,length,,A1,misc
instituce,institution,,A2,misc
představitel,representative,,A1,"misc,people"
produkt,product,,A1,misc
obrana,defence,,A2,misc
vazba,relationship,,A2,misc
národ,nation,,A1,misc
značka,sign,,A2,misc
věta,sentence,,A1,misc
částka,amount,,A2,misc
fáze,phase,,A2,misc
ústav,institute,,A2,misc
kapitola,chapter,,A1,misc
únor,February,,A1,time
teorie,theory,,A2,misc
seznam,list,,A1,misc
kostel,church,,A1,places
politik,politician,,B1,misc
průměr,average,,A1,misc
teplo,heat,,A1,misc
chodba,corridor,,A1,places
úterý,Tuesday,,A1,time
kruh,circle,,A1,misc
následek,consequence,,A1,misc
ročník,year,,A1,time
dokument,document,,A1,misc
nebe,sky,,A1,nature
vítězství,victory,,A1,misc
prosinec,December,,A1,time
oheň,fire,,A1,misc
červenec,July,,A1,time
zisk,profit,,B1,misc
letadlo,aircraft,,B1,transportation
znalost,knowledge,,A1,"misc,abstract"
fond,fund,,A2,misc
mamka,mum,,A1,family
daň,tax,,B1,misc
východ,exit,,A1,misc
návštěvník,visitor,,A1,"misc,people"
norma,standard,,A2,misc
trest,punishment,,A1,misc
hrůza,horror,,A1,misc
režim,regime,,B1,misc
pozor,attention,,A2,"misc,abstract"
analýza,analysis,,A2,misc
dráha,track,,A1,misc
zvýšení,increase,,A2,misc
médium,medium,,A1,misc
srovnání,comparison,,A1,misc
záměr,intention,,A1,misc
účastník,participant,,A1,"misc,people"
původ,origin,,A1,misc
rozpočet,budget,,A2,misc
počasí,weather,,A1,nature
západ,west,,A1,misc
zámek,lock,,B1,misc
podlaha,floor,,A1,places
vzpomínka,remembrance,,B1,misc
výrobce,manufacturer,,A1,"misc,people"
věda,science,,A1,"misc,abstract"
schod,step,,A1,places
novinář,journalist,,B1,"misc,people"
svaz,union,,A1,misc
nálada,mood,,A1,misc
teplota,temperature,,A1,misc
ženská,woman,,A1,"misc,people"
snímek,photo,,A1,objects
odchod,leaving,,A1,misc
povaha,character,,B1,misc
bok,hip,,A1,misc
klíč,key,,A1,objects
literatura,literature,,A1,"misc,abstract"
nákup,shopping,,A1,places
průmysl,industry,,B1,misc
ostrov,island,,B1,"nature,places"
půlka,half,,A1,misc
ticho,silence,,A1,misc
jízda,riding,,B1,misc
smích,laughter,,A1,misc
fotka,photo,,A1,objects
koncert,concert,,A1,"misc,event"
poznámka,note,,A1,misc
podnikatel,businessman,,A1,"misc,people"
odpor,aversion,,A1,misc
láhev,bottle,růže,A1,objects
žádost,request,,A1,misc
židle,chair,,A1,objects
váha,weight,,A1,misc
diskuse,discussion,,A1,misc
pobyt,stay,,B1,misc
střed,centre,,A1,places
bezpečnost,safety,,A2,misc
krajina,landscape,,B1,"nature,places"
břeh,bank,,A1,"nature,places"
atmosféra,atmosphere,,B1,misc
sníh,snow,,A1,nature
vina,guilt,,A1,misc
touha,longing,,A1,misc
kurs,course,,A1,misc
verze,version,,A1,misc
soused,neighbor,,A1,"misc,people"
sousedka,female neighbor,,A1,"misc,people"
účet,account,,B1,misc
působení,impact,,A2,misc
účinek,effect,,A2,"misc,abstract"
faktor,factor,hrad,A2,misc
napětí,tension,,A1,misc
investice,investment,,B1,misc
děda,grandpa,,A1,"family,people"
dřevo,wood,,A1,nature
kombinace,combination,,A1,misc
mír,peace,,A1,"misc,abstract"
vrchol,top,,A1,misc
víra,belief,,B1,"misc,abstract"
přechod,crossing,,A1,misc
úředník,clerk,,B1,misc
znak,sign,,A1,misc
předpis,regulation,,A2,misc
složka,component,,A1,misc
špička,tip,,A1,misc
varianta,variant,,A1,misc
výbor,committee,,A1,misc
ekonomika,economy,,A2,misc
úloha,role,,A1,misc
kost,bone,,A1,body
vězení,prison,,B1,places
sklo,glass,,A1,objects
ret,lip,,A1,body
tabulka,table,,A1,objects
poslanec,deputy,,A2,"misc,people"
produkce,production,,A2,misc
krása,beauty,,A1,misc
radnice,town hall,,A1,places
dech,breath,,A1,misc
prospěch,benefit,,A1,misc
vydání,expenses,,A1,misc
přání,wish,,B1,"misc,abstract"
profesor,professor,,A1,"misc,people"
styk,contact,,A1,misc
mozek,brain,,A1,body
svědek,witness,,A1,"misc,people"
herec,actor,,A1,"misc,people"
tábor,camp,,A1,misc
úsilí,effort,,A1,"misc,abstract"
výstavba,building,,A1,misc
poloha,position,,A1,misc
rozměr,dimension,,A1,misc
mladík,young man,,A1,"misc,people"
křeslo,(arm)chair,,A1,objects
hladina,level,,A1,misc
kopec,hill,,B1,"nature,places"
žák,pupil,,A1,"misc,people"
brána,gate,,A1,places
čtenář,reader,,B1,misc
krize,crisis,,B1,misc
výměna,exchange,,A1,misc
zvyk,habit,,A1,misc
starosta,mayor,,A2,"misc,people"
současnost,today,,A1,time
tisk,press,,B1,misc
konstrukce,construction,,A2,misc
zásah,hit,,A1,misc
region,region,,A1,places
lístek,ticket,,A1,objects
pták,bird,,A1,animals
kariéra,career,,A1,misc
reklama,advertisement,,B1,misc
objem,capacity,,A1,misc
patro,floor,,A1,places
automobil,automobile,,A1,transportation
tajemství,secret,,A1,misc
studie,study,,A1,misc
fronta,queue,,B1,misc
sál,hall,,B1,places
alkohol,alcohol,,A1,misc
píseň,song,,B1,misc
dno,bottom,,A1,misc
déšť,rain,,A1,nature
svátek,holiday,,A1,time
hodnocení,evaluation,,A2,misc
klient,client,,A1,"misc,abstract"
okruh,radius,,A1,misc
sport,sport,,A1,misc
odpovědnost,responsibility,,A2,"misc,abstract"
manažer,manager,,B1,"misc,people"
sdružení,association,,A2,misc
vzor,example,,A1,misc
chudák,poor,,A1,"misc,people"
dvůr,yard,,A1,misc
motor,motor,,A1,misc
hnutí,movement,,A2,misc
parlament,parliament,,A2,misc
zážitek,experience,,B1,"misc,abstract"
trenér,trainer,,A1,"misc,people"
tón,tone,,A1,misc
dávka,portion,,A1,misc
plyn,gas,,A1,misc
nepřítel,enemy,,A1,"misc,people"
umělec,artist,,B1,"misc,people"
omezení,limitation,,A2,misc
knihovna,library,,A1,places
sídlo,residence,,A1,misc
sbírka,collection,,B1,misc
příspěvek,contribution,,A2,misc
jev,phenomenon,,A1,misc
zpracování,processing,,A2,misc
vzdálenost,distance,,A2,misc
pacient,patient,,A1,"misc,people"
linka,line,,A1,misc
deník,daily,,A1,misc
dlaň,palm,,A1,body
křídlo,wing,,A1,misc
středisko,centre,,A1,places
realita,reality,,B1,misc
překvapení,surprise,,A2,misc
známka,sign,,B1,misc
přístroj,apparatus,,A1,objects
oprava,reconstruction,,A1,misc
moment,moment,,A1,time
díra,hole,,A1,misc
snížení,reduction,,A2,misc
premiér,premier,,A2,"misc,people"
test,test,,A1,misc
dáma,lady,,A1,"misc,people"
výlet,trip,,B1,misc
rozum,reason,,A1,"misc,abstract"
vteřina,second,,A1,time
přehled,survey,,A2,misc
pošta,post office,,A1,places
hlad,hunger,,A1,food
zájemce,interested person,,A1,"misc,people"
hmota,matter,,A1,misc
plat,pay,,B1,misc
trend,trend,,B1,misc
soulad,accordance,,A2,misc
koncepce,concept,,A2,misc
olej,oil,,A1,food
cigareta,cigarette,,A1,misc
omyl,mistake,,A1,misc
zaměstnání,job,,B1,misc
pořad,programme,,B1,misc
hala,hall,,A1,places
domácnost,household,,B1,places
dálka,distance,,A1,misc
vzdělání,education,,B1,"misc,abstract"
série,series,,A1,misc
hromada,heap,,A1,misc
efekt,effect,,A2,"misc,abstract"
představení,performance,,B1,"misc,event"
rádio,radio,,A1,objects
problematika,issues,,A2,misc
konflikt,conflict,,B1,misc
symbol,symbol,,A1,misc
úsek,section,,A1,misc
zásoba,supply,,A1,misc
pozemek,plot,,A1,misc
tatínek,daddy,,A1,family
spánek,sleep,,A1,misc
nůž,knife,,A1,objects
konference,conference,,A1,misc
oslava,celebration,,B1,"misc,event"
liga,league,,A1,misc
vybavení,equipment,,A1,misc
mapa,map,,A1,objects
závislost,addiction,,A2,misc
zranění,injury,,A1,misc
vytvoření,creation,,A2,misc
kritika,criticism,,A1,misc
rozšíření,expansion,,A2,misc
sever,north,,A1,misc
břicho,stomach,,B1,body
cizinec,foreigner,,A1,"misc,people"
slečna,miss,,A1,"family,people"
památka,memory,,B1,"misc,abstract"
lék,drug,,B1,misc
konkurence,competition,,B1,misc
fotbal,football,,A1,"misc,event"
režisér,director,,A1,"misc,people"
zábava,fun,,B1,misc
doklad,certificate,,B1,objects
záchod,toilet,,A1,places
realizace,implementation,,A2,misc
vítěz,winner,,A1,"misc,people"
schůzka,date,,A1,"misc,event"
souhlas,consent,,A1,misc
budoucno,future,,A1,time
aplikace,application,,A1,misc
prach,dust,,A1,misc
kafe,coffee,,A1,food
nutnost,necessity,,A2,misc
dvojice,pair,,A1,misc
jih,south,,A1,misc
pas,passport,,A1,misc
slza,tear,,A1,body
důvěra,trust,,A1,misc
hrdina,hero,,B1,"misc,people"
myšlení,thinking,,A1,"misc,people"
blízkost,vicinity,,A2,misc
svatba,wedding,,B1,"misc,event"
sranda,fun,,A1,misc
cit,emotion,,A1,"misc,abstract"
fakulta,faculty,,A1,misc
obchodník,trader,,B1,misc
pár,couple,,A1,misc
blok,block,,A1,misc
vražda,murder,,A1,misc
domek,house,,A1,places
dluh,debt,,A1,misc
hřiště,pitch,,A1,misc
prdel,arse,,A1,misc
kritérium,criterion,,A2,misc
příslušník,member,,A1,"misc,people"
jádro,kernel,,A1,misc
strategie,strategy,,A2,"misc,abstract"
signál,signal,,A2,misc
kapacita,capacity,,A2,misc
záznam,entry,,A2,misc
znamení,sign,,A2,misc
provedení,version,,A2,misc
rovina,plain,,A2,misc
průzkum,survey,,A2,misc
označení,mark,,A2,misc
poznání,knowledge,,A2,"misc,abstract"
důl,mine,,A1,misc
kořen,root,,A1,nature
hledání,searching,,A1,"misc,abstract"
investor,investor,,A2,"misc,people"
úmysl,intention,,A2,misc
vozidlo,vehicle,,A1,transportation
motiv,motive,,A2,misc
dar,gift,,A1,objects
led,ice,,A1,nature
násilí,violence,,A1,misc
nehoda,accident,,A1,misc
vystoupení,performance,,A2,"misc,people"
příchod,arrival,,A1,misc
palác,palace,,A1,places
rekonstrukce,reconstruction,,A2,misc
pojetí,concept,,A2,misc
detail,detail,,A1,misc
novinka,news,,B1,misc
dík,(word of) thanks,,A1,misc
podezření,suspicion,,A2,misc
spisovatel,writer,,A1,"misc,people"
odhad,assessment,,A2,misc
zlato,gold,,B1,misc
euro,euro,,A2,misc
letiště,airport,,B1,places
překážka,obstacle,,A1,misc
paže,arm,,A1,body
výchova,education,,A1,"misc,abstract"
popis,description,,A1,misc
areál,premise,,A2,misc
vysvětlení,explanation,,A2,misc
tendence,tendency,,A2,misc
kandidát,candidate,,A2,"misc,people"
přednáška,lecture,,A1,misc
výklad,explication,,A1,misc
mobil,mobile phone,,A1,objects
sláva,fame,,A1,misc
utkání,match,,A1,"misc,event"
prohlášení,statement,,A2,misc
festival,festival,,A1,misc
pověst,legend,,B1,misc
rozpor,contradiction,,A2,misc
náhoda,chance,,A2,misc
turista,tourist,,A1,"misc,people"
blázen,fool,,A1,"misc,people"
potravina,food,,A1,food
výzva,challenge,,A2,misc
poplatek,charge,,A1,misc
spotřeba,consumption,,A2,misc
strop,ceiling,,A1,places
dárek,present,,A1,objects
jedinec,individual,,A1,"misc,people"
vyjádření,expression,,A2,misc
zajištění,security,,A2,misc
angličtina,English,,A1,misc
soupeř,opponent,,A1,misc
vůně,scent,,A1,misc
galerie,gallery,,A1,misc
subjekt,subject,,A2,misc
polévka,soup,,A1,food
kampaň,campaign,,A2,misc
odvaha,courage,,A1,"misc,abstract"
pramen,source,,A1,misc
platnost,validity,,A2,misc
svazek,bunch,,A1,misc
kilo,kilo,,A1,misc
sbor,board,,A1,misc
poledne,noon,,A1,misc
pozadí,background,,A1,misc
dětství,childhood,,A1,"time,family"
pokles,drop,,A2,misc
tvrzení,statement,,A1,misc
jed,poison,,A1,misc
kapela,band,,A1,misc
dopad,impact,,A2,misc
přestávka,break,,B1,misc
centimetr,centimetre,,A1,misc
nerv,nerve,,A1,misc
kolej,rail,růže,B1,misc
vchod,entrance,,A1,misc
větev,branch,růže,A1,nature
expert,expert,,A1,"misc,people"
argument,argument,,A2,misc
písnička,song,,B1,misc
revoluce,revolution,,B1,misc
církev,church,růže,A1,misc
demokracie,democracy,,A2,misc
mechanismus,mechanism,,A2,misc
očekávání,expectation,,A2,misc
přijetí,acceptance,,A2,misc
svědomí,conscience,,A1,"misc,abstract"
brambor,potato,,A1,food
komunista,communist,,A2,"misc,people"
písek,sand,,A1,misc
skříň,wardrobe,,A1,objects
ložnice,bedroom,,A1,places
zloděj,thief,,A1,"misc,people"
rostlina,plant,,A1,nature
houba,mushroom,,A1,"food,nature"
procházka,walk,,A1,misc
dostatek,sufficiency,,A2,misc
kamera,(video) camera,,A2,objects
reforma,reform,,A2,misc
zákaz,prohibition,,A2,misc
vlastník,owner,,A2,"misc,people"
poznatek,(piece of) knowledge,,A2,"misc,abstract"
vědec,scholar,,B1,misc
litr,litre,,A2,misc
nápis,inscription,,A2,misc
hrob,grave,,A2,misc
důchod,pension,,A2,misc
sněmovna,chamber,,A2,misc
kráva,cow,,A1,animals
bitva,battle,,A2,"misc,event"
mládež,youth,,A2,misc
div,wonder,,A2,misc
chata,cottage,,B1,places
zrcadlo,mirror,,A2,objects
droga,drug,,A2,misc
uspořádání,organization,,A2,misc
komora,utility room,,A2,places
dav,crowd,,A2,misc
soudce,judge,,B1,"misc,people"
zahájení,opening,,A2,"misc,event"
oblečení,clothes,,B1,objects
kout,corner,,A2,places
premiéra,premiere,,A2,misc
zázrak,miracle,,A2,misc
linie,line,,A2,misc
básník,poet,,B1,misc
zločin,crime,,A2,misc
manželství,marriage,,A2,family
pokuta,penalty,,B1,misc
shoda,agreement,,A2,misc
heslo,password,,A2,misc
dodávka,delivery,,A2,misc
trať,railway,,A2,misc
cyklus,cycle,,A2,misc
plot,fence,,A2,misc
román,novel,,B1,misc
rozhodování,decision-making,,A2,"misc,people"
povolení,permission,,B1,misc
porucha,breakdown,,A2,misc
orientace,orientation,,A2,misc
zóna,zone,,A2,misc
podnět,impulse,,A2,misc
desetiletí,decade,,A2,misc
obrat,turn,,B1,misc
učení,doctrine,,A2,misc
blbost,crap,,A2,misc
důraz,stress,,A2,misc
odměna,reward,,A2,misc
přenos,broadcast,,A2,misc
společenství,community,,A2,misc
kanál,channel,,A2,misc
taťka,daddy,,A2,family
peklo,hell,,A2,misc
zavedení,launching,,A2,misc
zelenina,vegetable,,A2,food
základna,base,,A2,misc
trasa,route,,A2,misc
kamarádka,friend,,A2,"misc,people"
podklad,basis,,A2,misc
mládí,youth,,A2,misc
útočník,attacker,,A2,misc
přesvědčení,conviction,,A2,misc
nástup,entrance,,A2,misc
příkaz,order,,A2,misc
snídaně,breakfast,,A1,"food,meal"
filozofie,philosophy,,A2,misc
malíř,painter,,B1,"misc,people"
cukr,sugar,,A2,food
půlnoc,midnight,,A2,time
hospodářství,economy,,A2,misc
vyšetřování,investigation,,A2,misc
dosažení,achievement,,A2,misc
brácha,brother,,A2,"family,people"
bytost,being,,A2,misc
skladba,composition,,B1,misc
pohádka,fairy tale,,B1,misc
socha,statue,,B1,misc
výpověď,testimony,,A2,misc
pořadí,order,,A2,misc
mistrovství,championship,,A2,"misc,event"
tvůrce,creator,,A2,misc
skála,rock,,A2,nature
aspekt,aspect,,A2,misc
kříž,cross,,A2,misc
kapitán,captain,,A2,misc
dotaz,query,,A2,misc
podnikání,enterprise,,B1,misc
sůl,salt,,A2,food
pytel,bag,,A2,objects
soustava,system,,A2,misc
koupelna,bathroom,,A2,places
stanovisko,standpoint,,A2,misc
nábytek,furniture,,A2,objects
spravedlnost,justice,,A2,"misc,abstract"
seriál,series,,A2,misc
nesmysl,nonsense,,A2,"misc,abstract"
úvod,introduction,,A2,misc
údolí,valley,,A2,nature
ovoce,fruit,,A2,food
vůdce,leader,,B1,"misc,people"
uživatel,user,,A2,misc
výdaj,expense,,A2,misc
bar,bar,,A2,misc
tempo,pace,,A2,misc
legrace,fun,,A2,misc
krabice,box,,A2,objects
podpis,signature,,B1,"misc,abstract"
žaludek,stomach,,A2,body
směs,mixture,,A2,misc
jednotlivec,individual,,A2,misc
krám,shop,,B1,places
hovor,talk,,A2,misc
dělník,worker,,B1,"misc,people"
náměstek,deputy,,A2,misc
plus,pro,,A2,misc
rod,genus,,A2,misc
chalupa,cottage,,B1,places
fotbalista,footballer,,A2,"misc,people"
dálnice,motorway,,A2,transportation
výrok,statement,,A2,misc
jednička,(number) one,,A2,misc
koberec,carpet,,A2,objects
hloubka,depth,,A2,misc
nadšení,enthusiasm,,A2,misc
pravděpodobnost,probability,,A2,"misc,abstract"
dotace,grant,,A2,misc
sklep,cellar,,A2,places
odpoledne,afternoon,,A2,time
dohled,sight,,A2,misc
zlepšení,improvement,,A2,misc
dílna,workshop,,B1,places
sféra,sphere,,A2,misc
pojišťovna,insurance company,,A2,misc
pás,strip,,A2,misc
hrozba,threat,,A2,misc
tanec,dance,,A2,misc
talíř,plate,,A2,objects
tragedie,tragedy,,A2,"misc,event"
právník,lawyer,,B1,"misc,people"
choroba,disease,,A2,body
vtip,joke,,B1,misc
prádlo,underwear,,A2,objects
pusa,mouth,,A2,body
čeština,Czech,,A2,misc
podrobnost,detail,,A2,misc
debata,discussion,,A2,misc
zjištění,discovery,,A2,misc
publikum,audience,,A2,misc
továrna,factory,,B1,places
velitel,commander,,A2,"misc,people"
obyvatelstvo,population,,A2,misc
závazek,commitment,,A2,misc
chodník,pavement,,A2,places
tok,stream,,A2,misc
buňka,cell,,A2,misc
říše,empire,,A2,misc
důstojník,officer,,A2,"misc,people"
prášek,powder,,A2,misc
kmen,trunk,,A2,misc
složení,composition,,A2,misc
měřítko,scale,,A2,misc
odpad,waste,,B1,misc
pití,drinking,,A2,food
mzda,wages,,A2,misc
klobouk,hat,,B1,objects
městečko,small town,,A2,places
podání,submission,,A2,misc
zakázka,order,,A2,misc
prohlídka,examination,,B1,misc
obvinění,accusation,,A2,misc
hoch,boy,,A2,"misc,people"
pracoviště,workplace,,B1,places
vidění,seeing,,A2,misc
branka,gate,,B1,misc
organismus,organism,,A2,misc
záruka,guarantee,,B1,misc
požár,fire,,A2,misc
pobřeží,coast,,A2,misc
gesto,gesture,,A2,misc
katastrofa,disaster,,B1,misc
získání,acquisition,,A2,misc
povolání,profession,,B1,misc
účinnost,efficiency,,A2,misc
náhrada,compensation,,A2,misc
útvar,formation,,A2,misc
charakteristika,characteristic,,A2,misc
sklon,disposition,,A2,misc
ulička,lane,,A2,misc
kabát,coat,,B1,objects
květina,flower,,A1,nature
úcta,respect,,A2,misc
holčička,(little) girl,,A2,"misc,people"
vrah,murderer,,A2,"misc,people"
sklad,stock,,A2,misc
mínění,opinion,,A2,"misc,abstract"
zpěvák,singer,,A2,"misc,people"
gól,goal,,A2,misc
start,take-off,,A2,misc
narození,birth,,B1,misc
pokyn,instruction,,A2,misc
souboj,fight,,A2,"misc,event"
síň,hall,,B1,places
dodavatel,supplier,,A2,"misc,people"
nárůst,growth,,A2,misc
vzhled,looks,,B1,misc
čára,line,,A2,misc
akademie,academy,,A2,misc
zpěv,singing,,A2,misc
úvěr,loan,,A2,misc
prase,pig,,A2,animals
okres,district,,A2,misc
akcie,share,,A2,misc
odbor,department,,A2,"misc,abstract"
používání,use,,A2,misc
učitelka,female teacher,,A1,"misc,people"
smůla,bad luck,,A2,misc
komplex,complex,,A2,misc
královna,queen,,A2,"misc,people"
scénář,scenario,,B1,misc
pochybnost,doubt,,A2,misc
obvod,circumference,,A2,misc
finále,finals,,A2,misc
mužstvo,team,,A2,misc
expozice,exhibition,,A2,misc
plášť,coat,,A2,objects
cvičení,exercise,,A2,misc
obrazovka,screen,,B1,misc
rozdělení,division,,A2,misc
slib,promise,,A2,misc
uplatnění,use,,A2,misc
rovnováha,balance,,A2,misc
čtení,reading,,A2,misc
volno,leisure,,A2,misc
obal,cover,,A2,misc
správce,manager,,A2,"misc,people"
pachatel,offender,,A2,"misc,people"
hasič,firefighter,,B1,"misc,people"
pokrok,progress,,A2,misc
generál,general,,A2,misc
čest,honour,,A2,misc
sval,muscle,,A2,body
báseň,poem,,B1,misc
vnitro,interior,,A2,misc
iniciativa,initiative,,A2,misc
kapka,drop,,B1,misc
zásluha,credit,,A2,misc
zasedání,session,,A2,misc
vajíčko,egg,,A2,food
výstup,climb,,A2,misc
pokračování,continuation,,A2,misc
bomba,bomb,,A2,objects
neštěstí,misfortune,,B1,misc
šok,shock,,B1,misc
sloup,pole,,A2,misc
etapa,period,,A2,misc
zadek,back,,A2,body
běh,run,,A2,misc
poradce,adviser,,A2,misc
přínos,contribution,,A2,misc
pochopení,understanding,,A2,misc
publikace,publication,,A2,misc
úhel,angle,,A2,misc
humor,humour,,A2,misc
drát,wire,,A2,misc
senát,Senate,,A2,misc
pata,heel,,A2,body
dnešek,today,,A2,time
hřbitov,cemetery,,B1,misc
psaní,writing,,A2,misc
písmeno,letter,,A2,objects
porážka,defeat,,A2,misc
řádek,line,,A2,misc
léčba,treatment,,A2,misc
pěst,fist,,A2,body
zrak,sight,,A2,misc
vzorek,sample,,A2,misc
koš,basket,,A2,misc
rytmus,rhythm,,A2,misc
anděl,angel,,A2,misc
organizátor,organizer,,A2,misc
vytváření,creation,,A2,misc
protest,protest,,A2,misc
suma,sum,,A2,misc
výhled,view,,A2,misc
stolek,table,,A2,objects
chrám,temple,,A2,places
plamen,flame,,A2,misc
ukončení,termination,,A2,misc
zmatek,confusion,,A2,misc
obnova,restoration,,A2,misc
terén,terrain,,A2,nature
kov,metal,,A2,misc
pobočka,branch,,A2,places
architektura,architecture,,A2,misc
mrak,cloud,,A2,nature
mez,bounds,,A2,misc
bydlení,living,,B1,misc
sklenice,glass,,A2,objects
skok,jump,,A2,misc
ukázka,demonstration,,A2,misc
post,post,,A2,misc
prodejna,shop,,A2,places
management,management,,A2,"misc,people"
potomek,descendant,,A2,"misc,people"
louka,meadow,,A2,"nature,places"
stadión,stadium,,A2,places
herečka,actress,,B1,"misc,people"
sklenička,glass,,A2,objects
školství,education,,B1,misc
lavice,desk,,A2,misc
ohrožení,danger,,A2,misc
recept,recipe,,B1,misc
turnaj,tournament,,A2,misc
sluníčko,sun,,A2,nature
porovnání,comparison,,A2,misc
překlad,translation,,A2,misc
hmotnost,weight,,A2,misc
družstvo,cooperative,,A2,misc
kněz,priest,,A2,misc
elektřina,electricity,,A2,misc
tah,pull,,A2,misc
standard,standard,,A2,misc
asociace,association,,A2,misc
pojištění,insurance,,B1,misc
garáž,garage,,B1,places
zaměstnavatel,employer,,A2,misc
založení,founding,,A2,misc
umístění,position,,A2,misc
paprsek,beam,,A2,misc
výročí,anniversary,,B1,misc
výbuch,explosion,,A2,misc
úder,hit,,A2,misc
fantazie,imagination,,A2,misc
statistika,statistics,,A2,misc
pokladna,cash desk,,A2,misc
pohár,cup,,A2,objects
oznámení,announcement,,B1,misc
poptávka,demand,,B1,misc
onemocnění,disease,,A2,body
sektor,sector,,A2,misc
volič,voter,,A2,misc
vlastnictví,ownership,,B1,misc
legenda,legend,,B1,misc
doporučení,recommendation,,A2,misc
obtíž,trouble,,A2,misc
zrušení,cancellation,,A2,misc
plátno,cloth,,B1,misc
sex,sex,,A2,misc
oddíl,section,,A2,misc
kufr,suitcase,,A2,objects
financování,financing,,A2,misc
záběr,stroke,,A2,misc
lůžko,bed,,A2,objects
populace,population,,A2,misc
samota,solitude,,B1,misc
komedie,comedy,,A2,misc
talent,talent,,A2,misc
likvidace,liquidation,,A2,misc
otvor,hole,,A2,misc
demokrat,democrat,,A2,"misc,people"
zemědělství,agriculture,,A2,"misc,abstract"
bohatství,wealth,,A2,misc
stan,tent,,B1,misc
architekt,architect,,A2,misc
planeta,planet,,B1,nature
otevření,opening,,A2,"misc,event"
tuna,ton,,A2,misc
plod,fruit,,A2,"food,nature"
kytka,flower,,A2,nature
kritik,critic,,A2,misc
drama,drama,,B1,misc
lidstvo,mankind,,A2,"misc,people"
přehlídka,show,,A2,misc
vášeň,passion,,A2,misc
kouzlo,magic,,A2,misc
měření,measurement,,A2,misc
útěk,escape,,A2,misc
hluk,noise,,A2,misc
pravomoc,authority,,A2,"misc,people"
hovno,shit,,A2,misc
metropole,capital,,A2,misc
elektrárna,power plant,,A2,places
agent,agent,,A2,"misc,people"
posluchač,listener,,A2,misc
palec,thumb,,A2,body
sedadlo,seat,,B1,objects
náboženství,religion,,A2,misc
spolupracovník,colleague,,A2,misc
úspora,saving,,A2,misc
obálka,envelope,,A2,misc
výprava,excursion,,A2,misc
dění,events,,A2,misc
lampa,lamp,,A2,objects
sazba,rate,,A2,misc
ráj,paradise,,A2,misc
redakce,editorial office,,A2,places
místopředseda,vice chairman,,A2,"misc,people"
dvojka,(number) two,,A2,misc
trouba,oven,,A2,misc
objev,discovery,,A2,misc
vyšetření,examination,,A2,misc
důchodce,pensioner,,A2,"misc,people"
koule,ball,,B1,objects
huba,mouth,,A2,body
tyč,post,,A2,misc
hokej,(ice-)hockey,,A2,misc
tričko,T-shirt,,B1,objects
chod,course,,A2,misc
album,album,,A2,misc
krabička,box,,A2,objects
blbec,moron,,A2,"misc,people"
sebevražda,suicide,,B1,misc
minimum,minimum,,A2,misc
zastávka,stop,,A2,misc
parametr,parameter,,A2,misc
bouře,storm,,A2,nature
kauza,case,,A2,misc
záchrana,rescue,,A2,misc
trocha,a bit,,A2,misc
trénink,training,,A2,misc
křižovatka,intersection,,A2,misc
pruh,stripe,,A2,misc
venkov,country,,A2,places
výhra,victory,,A2,misc
odstranění,removal,,A2,misc
autorita,authority,,A2,"misc,people"
statek,estate,,A2,places
stabilita,stability,,A2,misc
proměna,transformation,,A2,misc
pásmo,zone,,A2,misc
příloha,supplement,,A2,misc
zdravotnictví,health care,,A2,misc
sestava,composition,,A2,misc
cizina,foreign country,,A2,places
ředitelka,(woman) director,,A2,"misc,people"
profese,profession,,B1,misc
zaměření,specialization,,A2,misc
děj,plot,,A2,misc
bazén,swimming pool,,A2,places
vztek,rage,,A2,"misc,abstract"
klín,lap,,A2,misc
poškození,damage,,A2,misc
kolečko,wheel,,A2,misc
vojsko,army,,A2,misc
balík,parcel,,A2,objects
užívání,use,,A2,misc
konto,account,,A2,misc
nápoj,drink,,A2,food
mlha,mist,,A2,nature
shromáždění,assembly,,A2,misc
koncentrace,concentration,,A2,misc
čert,devil,,A2,misc
obliba,popularity,,A2,misc
příznivec,fan,,A2,misc
utrpení,suffering,,A2,"misc,abstract"
úleva,relief,,A2,"misc,abstract"
vila,villa,,B1,places
vyprávění,tale,,A2,misc
kresba,drawing,,A2,misc
kontext,context,,A2,misc
zlo,evil,,A2,misc
odkaz,reference,,A2,misc
brada,chin,,A2,body
móda,fashion,,B1,misc
fórum,forum,,A2,misc
doprovod,company,,A2,misc
balíček,packet,,A2,objects
podvod,fraud,,A2,misc
seminář,seminar,,A2,misc
práh,threshold,,A2,misc
maska,mask,,A2,objects
opera,opera,,A2,misc
kapitál,capital,,A2,misc
plnění,performance,,A2,misc
blesk,lightning,,A2,misc
odvolání,withdrawal,,A2,misc
sukně,skirt,,B1,objects
lokalita,locality,,B1,misc
akt,act,,A2,misc
disciplína,discipline,,A2,misc
komentář,comment,,B1,misc
vize,vision,,A2,misc
stanovení,determination,,A2,misc
rozvod,divorce,,A2,misc
ustanovení,regulation,,A2,misc
přístav,harbour,,A2,misc
historka,story,,A2,misc
určení,purpose,,A2,misc
průvodce,guide,,B1,misc
zachování,conservation,,A2,misc
civilizace,civilization,,A2,misc
mrtvola,corpse,,A2,misc
vlast,homeland,,B1,places
námět,suggestion,,A2,misc
zabezpečení,security,,A2,misc
spolek,club,,A2,misc
přelom,turn,,A2,misc
výnos,decree,,A2,misc
mráz,frost,,A2,nature
stánek,stall,,A2,places
osa,axis,,A2,misc
nejistota,uncertainty,,B1,misc
skončení,termination,,A2,misc
smutek,sadness,,A2,misc
hůl,cane,,A2,misc
reprezentace,representation,,A2,misc
plíce,lung,,A2,body
potenciál,potential,,A2,misc
krádež,theft,,A2,misc
střet,conflict,,A2,misc
kouř,smoke,,A2,misc
rybník,pond,,B1,nature
sledování,watching,,A2,misc
uhlí,coal,,A2,misc
salát,salad,,A2,food
ústava,constitution,,A2,misc
perspektiva,prospect,,A2,misc
lavička,bench,,A2,places
definice,definition,,A2,misc
rukáv,sleeve,,B1,misc
rekord,record,,A2,misc
pevnost,fortress,,A2,places
slavnost,celebration,,A2,"misc,event"
klášter,monastery,,A2,places
schodiště,staircase,,A2,places
šťáva,juice,,A2,food
svah,slope,,A2,nature
poslání,mission,,A2,misc
posádka,crew,,A2,misc
hrdlo,throat,,A2,body
nezaměstnanost,unemployment,,A2,misc
znalec,expert,,A2,"misc,people"
odstup,distance,,A2,misc
výkřik,scream,,A2,misc
pochyba,doubt,,A2,misc
pláž,beach,,B1,"nature,places"
strejda,uncle,,A2,"family,people"
logika,logic,,A2,misc
vyšetřovatel,investigator,,A2,misc
uniforma,uniform,,A2,objects
zmínka,mention,,A2,misc
lež,lie,,A2,"misc,abstract"
zahrádka,(small) garden,,A2,nature
únava,weariness,,A2,body
pistole,gun,,A2,objects
přátelství,friendship,,A2,"misc,people"
pochod,march,,A2,misc
surovina,ingredient,,A2,misc
uznání,praise,,A2,misc
rozhlas,radio,,A2,objects
vězeň,prisoner,,A2,"misc,people"
institut,institute,,A2,misc
vesmír,universe,,A2,misc
stáří,age,,A2,time
oblek,suit,,B1,objects
dobro,(the) good,,A2,misc
parta,gang,,A2,misc
pohřeb,funeral,,A2,misc
spis,file,,A2,misc
pult,bar,,A2,misc
alternativa,alternative,,A2,misc
zakladatel,founder,,A2,misc
servis,service,,A2,misc
porušení,breach,,A2,misc
odvětví,branch,,A2,misc
sídliště,housing estate,,A2,places
éra,era,,A2,misc
lhůta,term,,A2,misc
parkoviště,car park,,A2,places
nenávist,hatred,,A2,"misc,abstract"
potěšení,pleasure,,A2,misc
únik,escape,,A2,misc
rozsudek,judgment,,A2,misc
privatizace,privatization,,A2,misc
řetězec,chain,,A2,misc
kvalifikace,competence,,A2,misc
hřích,sin,,A2,misc
spolužák,classmate,,A2,misc
nakladatelství,publishing house,,A2,places
prezentace,presentation,,A2,misc
řetěz,chain,,A2,misc
novela,amendment,,A2,misc
náznak,indication,,A2,misc
interpretace,interpretation,,A2,misc
hokejista,(ice-)hockey player,,A2,"misc,people"
nasazení,drive,,A2,misc
pilot,pilot,,B1,misc
království,kingdom,,B1,"misc,people"
personál,staff,,A2,misc
využívání,utilization,,A2,misc
zázemí,background,,A2,misc
vedro,heat,,A2,misc
iluze,illusion,,A2,misc
koupě,bargain,,A2,misc
nemovitost,real estate,,B1,places
bunda,jacket,,B1,objects
povodeň,flood,,A2,misc
písmo,handwriting,,A2,misc
zápis,minutes,,A2,misc
primátor,mayor,,A2,misc
opora,pillar,,A2,misc
priorita,priority,,A2,misc
odpůrce,opponent,,A2,misc
tuk,fat,,A2,misc
zklamání,disappointment,,A2,misc
milenec,lover,,A2,"misc,people"
nádobí,dishes,,A2,misc
laboratoř,laboratory,,A2,places
bezpečí,safety,,A2,misc
kouč,coach,,A2,misc
svíčka,candle,,B1,objects
hračka,toy,,B1,objects
ségra,sister,,A2,"family,people"
potok,stream,,A2,nature
vzdělávání,education,,A2,"misc,abstract"
výuka,teaching,,A2,misc
pauza,break,,A2,misc
myš,mouse,,A2,animals
specialista,specialist,,A2,misc
záloha,deposit,,A2,misc
kopie,copy,,A2,misc
inženýr,engineer,,A2,"misc,people"
výskyt,occurrence,,A2,misc
výpočet,calculation,,A2,misc
kroužek,ring,,A2,objects
portrét,portrait,,A2,misc
dosah,reach,,A2,misc
císař,emperor,,A2,misc
žaloba,(legal) action,,A2,misc
míč,ball,,B1,objects
nehet,nail,,A2,body
oděv,clothes,,A2,objects
asistent,assistant,,A2,"misc,people"
stížnost,complaint,,A2,misc
inteligence,intelligence,,A2,misc
motivace,motivation,,A2,misc
pořadatel,organizer,,A2,misc
pohlaví,sex,,A2,misc
skvrna,stain,,A2,misc
námaha,effort,,A2,"misc,abstract"
opozice,opposition,,A2,misc
koalice,coalition,,A2,misc
klika,handle,,A2,objects
intenzita,intensity,,A2,misc
schéma,scheme,,A2,misc
panna,virgin,,A2,misc
fotograf,photographer,,A2,"misc,people"
oblouk,arc,,A2,misc
balkón,balcony,,A2,places
idea,idea,,A2,"misc,abstract"
rezerva,reserve,,A2,misc
údržba,maintenance,,A2,misc
obránce,defender,,A2,misc
polštář,pillow,,A2,objects
sleva,discount,,B1,misc
brankář,goalkeeper,,A2,misc
nádoba,container,,A2,misc
rozkaz,command,,A2,"misc,people"
předchůdce,predecessor,,A2,misc
kabinet,cabinet,,A2,misc
opak,reverse,,A2,misc
chůze,walking,,B1,misc
producent,producer,,A2,misc
okénko,(small) window,,A2,nature
eso,ace,,A2,misc
poezie,poetry,,B1,misc
spektrum,spectrum,,A2,misc
trpělivost,patience,,A2,misc
plech,baking tray,,A2,objects
advokát,lawyer,,A2,"misc,people"
položka,item,,A2,misc
tajemník,secretary,,A2,misc
průkaz,card,,A2,objects
ocenění,award,,A2,"misc,event"
režie,directing,,A2,misc
limit,limit,,A2,misc
miska,bowl,,A2,misc
medaile,medal,,A2,misc
tisícovka,thousand,,A2,misc
reprezentant,representative,,A2,"misc,people"
nález,discovery,,A2,misc
policajt,cop,,A2,misc
náplň,filling,,A2,misc
kontinent,continent,,B1,misc
uzavření,closing,,A2,misc
miláček,sweetheart,,A2,"family,people"
integrace,integration,,A2,misc
čokoláda,chocolate,,A2,food
profil,profile,,A2,misc
potrava,food,,A2,food
pot,sweat,,A2,misc
schránka,box,,A2,objects
spoj,connection,,A2,misc
hlavička,header,,A2,body
ukazatel,indicator,,A2,misc
potvrzení,confirmation,,A2,misc
návod,manual,,A2,objects
mince,coin,,B1,misc
svědectví,testimony,,A2,misc
historik,historian,,B1,misc
záplava,flood,,B1,misc
metro,tube,,A2,transportation
hospodaření,management,,A2,misc
zpěvačka,(female) singer,,A2,"misc,people"
nádrž,tank,,A2,misc
dokumentace,documentation,,A2,misc
rozbor,analysis,,A2,misc
neschopnost,incompetence,,A2,"misc,abstract"
převaha,superiority,,A2,misc
posun,shift,,A2,misc
nezávislost,independence,,A2,"misc,abstract"
oceán,ocean,,B1,nature
bordel,mess,,A2,misc
jeviště,stage,,B1,places
bedna,box,,A2,objects
štít,shield,,A2,misc
senátor,senator,,A2,misc
vozík,handcart,,A2,transportation
medicína,medicine,,A2,misc
odjezd,departure,,A2,misc
vysílání,broadcast,,A2,misc
vana,bath,,A2,objects
deka,blanket,,A2,objects
zátěž,burden,,A2,misc
dialog,dialogue,,A2,misc
námitka,objection,,A2,misc
video,video,,A2,misc
neúspěch,failure,,A2,misc
magistrát,metropolitan authority,,A2,places
had,snake,,A2,animals
hlasování,vote,,A2,misc
kostka,cube,,A2,objects
slovník,dictionary,,A2,objects
emoce,emotion,,A2,"misc,abstract"
skandál,scandal,,A2,misc
sad,orchard,,A2,misc
řemeslo,profession,,A2,misc
výtah,lift,,A2,misc
palivo,fuel,,A2,misc
hlídka,watch,,B1,"misc,people"
frekvence,frequency,,A2,misc
soustředění,concentration,,A2,"misc,abstract"
ubytování,accommodation,,B1,misc
nevýhoda,disadvantage,,A2,"misc,abstract"
muzika,music,,A2,misc
jídelna,dining room,,B1,places
loket,elbow,,A2,body
odpočinek,rest,,A2,misc
hlína,soil,,A2,misc
půjčka,loan,,A2,misc
nositel,winner,,A2,misc
izolace,isolation,,A2,misc
mlýn,mill,,A2,misc
trávník,lawn,,A2,nature
tabule,board,,A2,objects
maximum,maximum,,A2,misc
jednota,unity,,A2,misc
spojenec,ally,,A2,misc
mezera,space,,A2,places
debil,asshole,,A2,misc
mísa,bowl,,A2,misc
bába,old woman,,A2,"misc,people"
sdělení,message,,A2,misc
zastupitelstvo,council,,A2,misc
dědictví,heritage,,A2,misc
obzor,horizon,,A2,misc
chlapík,guy,,A2,misc
báze,base,,A2,misc
nouze,poverty,,A2,misc
konkurs,competition,,A2,misc
příjezd,arrival,,A2,misc
dobrodružství,adventure,,B1,misc
převod,transfer,,A2,misc
benzín,petrol,,A2,misc
regulace,regulation,,A2,misc
střela,bullet,,A2,misc
soukromí,privacy,,A2,misc
prkno,board,,A2,misc
úraz,injury,,B1,misc
příznak,symptom,,A2,misc
záchvat,attack,,A2,misc
úzkost,anxiety,,A2,misc
ekonom,economist,,A2,misc
tečka,dot,,A2,misc
listina,document,,A2,misc
štáb,headquarters,,A2,misc
objednávka,order,,A2,misc
experiment,experiment,,A2,misc
hudebník,musician,,A2,"misc,people"
vyhlídka,view,,A2,misc
nařízení,decree,,A2,misc
pláč,crying,,A2,misc
milost,mercy,,A2,misc
střelec,shooter,,A2,misc
připomínka,remark,,A2,misc
znění,wording,,A2,misc
stres,stress,,B1,misc
favorit,favourite,,A2,misc
společník,partner,,A2,"misc,people"
fungování,operation,,A2,misc
doplněk,supplement,,A2,misc
jezdec,rider,,A2,misc
budování,building,,A2,misc
divize,division,,A2,misc
omáčka,sauce,,A2,food
východisko,basis,,A2,misc
havárie,accident,,A2,misc
školka,nursery school,,A2,places
schůze,meeting,,B1,"misc,event"
bilance,balance,,A2,misc
manipulace,manipulation,,A2,misc
zvyšování,increase,,A2,misc
dokončení,completion,,A2,misc
zastoupení,representation,,A2,misc
němčina,German,,A2,misc
příčka,rung,,A2,misc
výkonnost,performance,,A2,misc
obřad,ceremony,,A2,"misc,event"
představenstvo,board of directors,,A2,"misc,people"
protivník,opponent,,A2,misc
pozorování,observation,,A2,misc
tunel,tunnel,,A2,places
peněženka,wallet,,B1,objects
inspirace,inspiration,,A2,"misc,abstract"
skupinka,group,,A2,misc
zastupitel,council member,,A2,"misc,people"
rukavice,glove,,B1,objects
čepice,cap,,B1,objects
čistota,cleanliness,,A2,misc
pouť,funfair,,B1,misc
sportovec,sportsman,,A2,"misc,people"
trojice,threesome,,A2,misc
kalendář,calendar,,A2,objects
poklad,treasure,,A2,misc
šíření,spread,,A2,misc
interiér,interior,,A2,misc
mouka,flour,,A2,food
pára,steam,,A2,nature
formát,format,,A2,misc
dodržování,observation,,A2,misc
trvání,duration,,A2,time
melodie,melody,,A2,misc
zodpovědnost,responsibility,,A2,"misc,abstract"
plakát,poster,,B1,objects
kloub,joint,,A2,body
kabina,cabin,,A2,misc
volant,steering wheel,,A2,objects
koláč,cake,,A2,food
ambice,ambition,,A2,misc
pleť,complexion,,A2,body
stezka,path,,A2,misc
slabost,weakness,,A2,misc
zkoumání,investigation,,A2,misc
interval,interval,,A2,misc
redaktor,editor,,A2,misc
doktorka,(woman) doctor,,A2,"misc,people"
vzkaz,message,,A2,misc
uvedení,introduction,,A2,misc
princ,prince,,A2,"misc,people"
varování,warning,,A2,"misc,event"
nájem,rent,,A2,misc
šířka,width,,A2,misc
ráz,character,,A2,misc
veletrh,(trade) fair,,B1,misc
originál,original,,A2,misc
žebříček,scale,,A2,misc
srážka,crash,,A2,misc
hrana,edge,,A2,misc
verš,verse,,A2,misc
spořitelna,savings bank,,A2,places
lžíce,spoon,,A2,objects
trojka,(number) three,,A2,misc
hřbet,back,,A2,body
mříž,grid,,A2,misc
provozovatel,operator,,A2,"misc,people"
impuls,impulse,,A2,misc
komunita,community,,A2,misc
hit,hit,,A2,misc
flaška,bottle,,B1,objects
hrnec,pot,,A2,objects
zoufalství,despair,,A2,misc
vada,defect,,A2,misc
obývák,living room,,A2,places
večírek,party,,A2,"misc,event"
moucha,fly,,A2,animals
anketa,survey,,A2,misc
pozdrav,greeting,,A2,misc
volání,call,,A2,misc
osvětlení,lighting,,A2,misc
zábradlí,railing,,A2,misc
slepice,hen,,A2,animals
paluba,deck,,A2,misc
sebevědomí,self-confidence,,A2,misc
ideál,ideal,,A2,"misc,abstract"
absolvent,graduate,,A2,misc
důležitost,importance,,A2,misc
strava,food,,A2,food
vnímání,perception,,A2,misc
uspokojení,satisfaction,,A2,misc
páteř,backbone,,A2,body
bariéra,barrier,,A2,misc
ves,village,,A2,places
udržení,preservation,,A2,misc
sraz,reunion,,A2,misc
mlčení,silence,,A2,misc
přesnost,accuracy,,A2,misc
obdiv,admiration,,A2,"misc,abstract"
index,index,,A2,misc
deprese,depression,,A2,misc
dovednost,skill,,A2,"misc,abstract"
morálka,morality,,A2,misc
psycholog,psychologist,,B1,misc
náprava,remedy,,A2,misc
bojovník,fighter,,A2,"misc,people"
ruch,activity,,A2,misc
prevence,prevention,,A2,misc
vyhláška,(public) notice,,A2,misc
plánování,planning,,A2,misc
koutek,corner,,A2,places
brigáda,summer job,,A2,misc
škála,scale,,A2,misc
náruč,(open) arms,,A2,body
výhrada,reservation,,A2,misc
stadium,stage,,A2,misc
tržba,receipts,,A2,misc
učebnice,textbook,,A2,objects
pódium,stage,,A2,places
nadace,foundation,,B1,misc
protokol,protocol,,A2,misc
kompromis,compromise,,A2,misc
obsluha,service,,A2,misc
dědek,geezer,,A2,"family,people"
tenis,tennis,,A2,misc
uvolnění,loosening,,A2,misc
respekt,respect,,A2,misc
pasáž,passage,,A2,places
aféra,scandal,,B1,misc
keř,bush,,A2,nature
zájezd,trip,,B1,misc
zánik,termination,,A2,misc
stehno,thigh,,A2,body
aparát,machinery,,A2,objects
orchestr,orchestra,,B1,misc
psychologie,psychology,,A2,misc
výslech,interrogation,,A2,misc
lednička,fridge,,A2,objects
demonstrace,demonstration,,B1,"misc,event"
rukopis,handwriting,,A2,misc
zkratka,abbreviation,,A2,misc
licence,licence,,A2,misc
vzrušení,excitement,,A2,misc
poušť,desert,,B1,misc
komplikace,complication,,A2,misc
nástupce,successor,,A2,"misc,people"
zpoždění,delay,,B1,misc
vkus,taste,,A2,misc
lyže,ski,,A2,objects
kůra,rind,,A2,misc
měna,currency,,A2,misc
vyhlášení,announcement,,A2,misc
platba,payment,,A2,misc
kotel,boiler,,A2,misc
posílení,strengthening,,A2,misc
vzestup,increase,,A2,misc
rám,frame,,A2,misc
splnění,accomplishment,,A2,misc
pomůcka,aid,,A2,misc
sponzor,sponsor,,A2,misc
sekunda,second,,A2,time
mýtus,myth,,A2,misc
věznice,prison,,A2,places
fenomén,phenomenon,,A2,misc
tekutina,liquid,,A2,misc
přeprava,transport,,A2,misc
vrch,hill,,A2,"nature,places"
lev,lion,,A2,animals
křik,shouting,,A2,misc
legislativa,legislation,,A2,misc
těleso,body,,A2,misc
prsten,ring,,A2,objects
propojení,connection,,A2,misc
kongres,congress,,A2,misc
popel,ash,,A2,misc
hnízdo,nest,,A2,misc
beton,concrete,,A2,misc
přesun,transfer,,A2,misc
distribuce,distribution,,A2,misc
zastavení,stop,,A2,misc
obočí,eyebrow,,A2,body
horko,heat,,A2,nature
ropa,oil,,B1,misc
odstín,shade,,A2,misc
pach,stench,,A2,misc
kytara,guitar,,A2,misc
pouto,bond,,A2,misc
katalog,catalogue,,A2,objects
skladatel,composer,,A2,misc
medvěd,bear,,A2,animals
železo,iron,,A2,misc
cestování,travelling,,A2,misc
zákrok,intervention,,A2,misc
popularita,popularity,,A2,misc
cibule,onion,,A2,food
ostuda,scandal,,A2,misc
ovzduší,air,,A2,misc
server,server,,A2,misc
horečka,fever,,A2,body
šňůra,cord,,A2,misc
pánbůh,God,,A2,misc
průvod,parade,,A2,misc
bída,poverty,,B1,misc
šampionát,championship,,A2,"misc,event"
záhada,mystery,,A2,misc
žíla,vein,,A2,body
připojení,connection,,A2,misc
čekání,waiting,,A2,misc
kostým,costume,,B1,misc
sluchátko,earphone,,A2,objects
knedlík,dumpling,,A2,food
buchta,cake,,A2,food
analytik,analyst,,A2,misc
člun,boat,,A2,transportation
tušení,feeling,,A2,misc
příhoda,event,,A2,misc
automat,machine,,A2,objects
prohra,loss,,A2,misc
spaní,sleep,,A2,misc
pohotovost,emergency,,A2,misc
klec,cage,,A2,objects
stříbro,silver,,A2,misc
tvor,creature,,A2,misc
vlákno,fibre,,A2,misc
půle,half,,A2,misc
hruď,chest,,A2,body
jeskyně,cave,,A2,"nature,places"
ocas,tail,,A2,animals
dort,cake,,A2,food
burza,stock market,,B1,places
těsto,dough,,A2,food
stráž,guard,,A2,misc
absence,absence,,A2,misc
rakovina,cancer,,A2,misc
zřízení,establishment,,A2,misc
propast,gap,,A2,misc
dovoz,import,,A2,misc
oblak,cloud,,A2,nature
spotřebitel,consumer,,A2,misc
stařec,old man,,A2,"misc,people"
modlitba,prayer,,A2,misc
spekulace,speculation,,A2,misc
zeleň,verdure,,A2,misc
pozvání,invitation,,A2,misc
výplata,payment,,A2,misc
zatáčka,turn,,A2,misc
libra,pound,,A2,misc
lebka,skull,,A2,body
živočich,animal,,A2,animals
nahrávka,record,,A2,misc
milovník,lover,,A2,"misc,people"
porozumění,understanding,,A2,misc
trubka,trumpet,,A2,objects
filozof,philosopher,,A2,misc
šperk,jewel,,A2,misc
hmyz,insect,,A2,animals
členství,membership,,A2,"misc,people"
lídr,leader,,A2,"misc,people"
nuda,boredom,,A2,misc
povídka,(short) story,,B1,misc
menšina,minority,,A2,misc
autorka,(female) author,,A2,"misc,people"
salon,salon,,A2,misc
působnost,activity,,A2,misc
transakce,transaction,,A2,misc
sako,jacket,,A2,objects
kompetence,competence,,A2,misc
meč,sword,,A2,objects
princezna,princess,,B1,"misc,people"
skříňka,box,,A2,objects
spokojenost,satisfaction,,A2,misc
pozorovatel,observer,,A2,misc
vyrovnání,compensation,,A2,misc
malba,painting,,A2,"misc,abstract"
identita,identity,,A2,misc
cédéčko,CD,,A2,misc
kód,code,,A2,misc
hněv,anger,,A2,misc
ďábel,devil,,A2,misc
hloupost,nonsense,,A2,"misc,abstract"
cela,cell,,A2,misc
sjezd,meeting,,A2,"misc,event"
maturita,school-leaving examination,,A2,"misc,event"
kilogram,kilogram,,A2,misc
e-mail,e-mail,,A2,misc
řízek,schnitzel,,A2,food
trik,trick,,A2,misc
prodejce,salesperson,,A2,"misc,people"
minus,minus,,A2,misc
baterka,battery,,A2,misc
kamión,lorry,,A2,misc
úkor,(at the) expense,,A2,misc
kabel,cable,,A2,misc
směrnice,directive,,A2,misc
past,trap,,A2,misc
chlad,chill,,A2,nature
pětka,(number) five,,A2,misc
dobytek,livestock,,A2,misc
konkurent,competitor,,A2,"misc,people"
ponožka,sock,,A2,objects
horizont,horizon,,A2,misc
sucho,drought,,B1,misc
koncept,concept,,A2,misc
zajímavost,interesting point,,A2,"misc,abstract"
páska,tape,,A2,objects
paráda,pomp,,A2,misc
chodec,pedestrian,,A2,misc
prodloužení,extra time,,A2,misc
federace,federation,,A2,misc
ocel,steel,,A2,misc
sprcha,shower,,A2,objects
uchazeč,applicant,,A2,"misc,people"
bydliště,place of residence,,B1,places
kuchyň,kitchen,,B1,places
občanství,citizenship,,B1,"misc,people"
oslovení,form of address,,B1,objects
sourozenci,siblings,,B1,family
tykání,using ty with someone,,B1,misc
vízum,visa,,B1,misc
vykání,using vy with someone,,B1,misc
prarodiče,grandparents,,B1,family
stravenka,food coupon,,B1,food
chalupář,chalupa-owner and -goer,,B1,"misc,people"
chatař,chata-owner and -goer,,B1,"misc,people"
hausbót,house-boat,,B1,places
hypotéka,mortgage,,B1,misc
jachta,yacht,,B1,misc
kastelán/ka,someone who lives and works in a castle,,B1,places
loft,loft,,B1,misc
maják,light-house,,B1,places
makléř,(real-estate) broker,,B1,"misc,people"
mrakodrap,skyscraper,,B1,places
oba,both,,B1,misc
obě,both,,B1,misc
panelák,prefab apartment building,,B1,places
penzion,boarding-house,,B1,places
pól,pole,,B1,misc
squat,a building that you’ve squatted in,,B1,places
terasa,deck,,B1,misc
topení,heating,,B1,misc
vlk,wolf (sea-wolf,,B1,animals
cestopis,travel diary,,B1,misc
cestovatel/ka,traveler,,B1,misc
hrdinka,heroine,,B1,"misc,people"
motorka,motorcycle,,B1,misc
schody,stairs,,B1,misc
slon,elephant,,B1,animals
velbloud,camel,,B1,animals
autoopravna,car-repair shop,,B1,places
koníček,hobby (lit,,B1,misc
koza,goat,,B1,animals
pohovor,interview,,B1,misc
velvyslanectví,embassy,,B1,misc
bankéř,banker,,B1,"misc,people"
bankéřka,banker,,B1,"misc,people"
dělnice,(blue-collar) worker,,B1,"misc,people"
farmář,farmer,,B1,"misc,people"
farmářka,farmer,,B1,"misc,people"
hasička,fire-fighter,,B1,"misc,people"
historička,historian,,B1,misc
kosmonaut,astronaut,,B1,misc
kosmonautka,astronaut,,B1,misc
lékařka,doctor,,B1,"misc,people"
manažerka,manager,,B1,"misc,people"
modelka,model,,B1,misc
novinářka,journalist,,B1,"misc,people"
pilotka,pilot,,B1,misc
policistka,police-officer,,B1,"misc,people"
politička,politician,,B1,misc
politolog,political scientist,,B1,"misc,people"
politoložka,political scientist,,B1,"misc,people"
právnička,lawyer,,B1,"misc,people"
prodavač,salesperson,,B1,"misc,people"
prodavačka,salesperson,,B1,"misc,people"
průvodkyně,guide,,B1,misc
psycholožka,psychologist,,B1,misc
soudkyně,judge,,B1,"misc,people"
uklízeč,cleaner,,B1,misc
uklízečkou,cleaner,,B1,misc
umělkyně,artist,,B1,"misc,people"
úřednice,bureaucrat,,B1,"misc,people"
vědkyně,scientist,,B1,"misc,people"
veterinář,veterinarian,,B1,misc
veterinářka,veterinarian,,B1,misc
zemědělec,farmer,,B1,"misc,people"
čtenář/čtenářka,reader,,B1,misc
čumák/čumáček,snout,,B1,misc
filmář/filmářka,a film-person,,B1,"misc,people"
gratulace,congratulations,,B1,"misc,event"
ilustrace,illustration,,B1,misc
krtek,mole,,B1,animals
málokdo,few people,,B1,misc
ocas/ocásek,tail,,B1,misc
včela/včelka,bumble-bee,,B1,animals
vousy,moustache,,B1,misc
zajíc,hare,,B1,animals
zvířátko,small animal,,B1,animals
autíčko,toy-cars,,B1,objects
čajník,tea-pot,,B1,objects
čekárna,waiting-room,,B1,places
dárk,gift,,B1,objects
hrnk,cup,,B1,objects
jehla,needle,,B1,misc
ježk,hedgehog,,B1,animals
kamínk,stone,,B1,nature
knoflík,button,,B1,misc
korálk,bead,,B1,misc
kousk,piece,,B1,misc
křečk,hamster,,B1,animals
květináč,flower-pot,,B1,nature
morče,guinea-pig,,B1,animals
lidé,people,,B1,misc
motýl,butterfly,,B1,animals
mušle,seashell,,B1,nature
panenka,doll,,B1,misc
pecka,pit,,B1,misc
sběratel,collector,,B1,misc
sběratelka,collector,,B1,misc
suvenýr,souvenir,,B1,misc
špendlík,pin,,B1,misc
ubrousk,napkin,,B1,misc
účt,account,,B1,misc
váza,vase,,B1,objects
biskup,bishop,,B1,"misc,people"
křesťan,Christian,,B1,misc
kytice,flower,,B1,nature
ohň,campfire,,B1,misc
ohňostroj,fireworks,,B1,misc
oříšk,(little) nut,,B1,misc
pálení,burning,,B1,misc
stromečk,Christmas tree,,B1,nature
svátk,holiday,,B1,time
úplnk,full moon,,B1,nature
čarodějnice,Witches Day,,B1,time
dušičky,All Souls Day,,B1,time
mikuláš,Saint Nicholas,,B1,misc
valentýn,Valentine’s Day,,B1,time
vánoce,Christmas,,B1,misc
velikonoce,Easter,,B1,misc
silvestr,New Year’s Eve,,B1,time
autoservis,car-repair shop,,B1,places
čistírna,dry-cleaner‘s,,B1,misc
dělení,division,,B1,misc
feministka,feminist,,B1,misc
kadeřnictví,hair-stylist‘s,,B1,places
krejčovství,tailor’s,,B1,misc
masáž,massage,,B1,body
masér/ka,masseur/masseuse,,B1,misc
práva,right / rights,,B1,"misc,abstract"
předsudk,prejudice,,B1,misc
stereotyp,stereotype,,B1,misc
figurka,statuette,,B1,misc
herc,actor / actress,,B1,"misc,people"
horolezc,rock-climber,,B1,nature
horolezkyně,rock-climber,,B1,nature
kuželky,bowling,,B1,misc
letání,flying,,B1,misc
majitel/ka,owner,,B1,"misc,people"
míčk,(little) ball,,B1,objects
odpočink,rest,,B1,misc
plavání,swimming,,B1,misc
sn,dream,,B1,"misc,abstract"
spánk,sleep,,B1,misc
šachty,chess,,B1,misc
terč,target,,B1,misc
vor,raft,,B1,misc
angína,sore throat,,B1,body
drak,dragon,,B1,misc
drvoštěp,woodcutter,,B1,nature
chřipka,flu,,B1,misc
kašl,cough,,B1,misc
lékař/ka,doctor,,B1,"misc,people"
mast,ointment,,B1,misc
pacient/ka,patient,,B1,"misc,people"
posl,messenger,,B1,misc
rýma,cold,,B1,misc
vládce,rule,,B1,"misc,abstract"
žaludk,stomach,,B1,body
básnička,poem,,B1,misc
blog,blog,,B1,misc
dějství,act,,B1,misc
doklady,documentation,,B1,misc
hlediště,auditorium,,B1,misc
hodiny,clock,,B1,objects
hodinky,watch,,B1,objects
knihomol,book-worm,,B1,objects
koláž,collage,,B1,misc
muzikál,musical,,B1,"misc,abstract"
nota,(musical) note,,B1,"misc,abstract"
odtažení,towing-away,,B1,misc
opona,curtain,,B1,misc
symfonie,symphony,,B1,misc
trapas,awkward situation,,B1,"misc,event"
účes,haircut,,B1,body
uklidnění,calming-down,,B1,misc
uváděč,usher,,B1,misc
vstupenka,entry-ticket,,B1,objects
zácpa,traffic-jam,,B1,misc
zážitk,experience,,B1,"misc,abstract"
flegmatik,phlegmatic person,,B1,"misc,people"
cholerik,hot-headed person,,B1,"misc,people"
melancholik,melancholy person,,B1,"misc,people"
podobnost,resemblance,,B1,misc
porod,birth,,B1,misc
porodnice,maternity ward,,B1,places
pudl,poodle,,B1,animals
sangvinik,sanguine person,,B1,"misc,people"
vlasnost,trait,,B1,misc
článk,article,,B1,"misc,abstract"
čtenářka,reader,,B1,misc
empétrojka,MP3,,B1,misc
inzerát,(classified) ad,,B1,misc
křížovka,crossword,,B1,objects
kvíz,quiz,,B1,misc
národnost,nationality,,B1,misc
notebook,laptop,,B1,misc
noviny,newspaper,,B1,objects
předpověď,forecast,,B1,misc
recenze,review,,B1,misc
reportáž,report,,B1,misc
titulk,title,,B1,misc
zprávy,news,,B1,misc
bankomat,bank machine,,B1,places
bezdomovc,homeless person,,B1,"misc,people"
dávky,welfare,,B1,misc
charita,charity,,B1,misc
chudoba,poverty,,B1,misc
majetk,property,,B1,misc
přepych,luxury,,B1,misc
příjmy,profits,,B1,misc
tragédie,tragedy,,B1,"misc,event"
alergie,allergies,,B1,misc
důsledk,consequence,,B1,misc
ekolog/ekoložka,ecologist,,B1,misc
ekologie,ecology,,B1,misc
farma,farm,,B1,places
globalizace,globalization,,B1,misc
majitel/majitelka,owner,,B1,"misc,people"
nedostatk,insufficiency,,B1,misc
oct,vinegar,,B1,misc
oteplování,warming,,B1,nature
prales,primeval/virgin forest,,B1,nature
přísada,additive,,B1,misc
saponát,(chemical) detergent,,B1,misc
statk,farm,,B1,places
terorismus,terrorism,,B1,misc
úrovň,level,,B1,misc
vegetarián/vegetariánka,vegetarian,,B1,misc
zemětřesení,earthquake,,B1,nature
znečištění,pollution,,B1,misc
žárovka,light-bulb,,B1,misc
aukce,auction,,B1,misc
dostihy,horse-races,,B1,"misc,event"
dražba,auction,,B1,misc
faktura,invoice,,B1,misc
investování,investing,,B1,misc
podnikatel/podnikatelka,business-person,,B1,"misc,people"
ředitel/ředitelka,director,,B1,"misc,people"
sladkosti,sweets,,B1,misc
účetnictví,accounting,,B1,misc
výrobk,product,,B1,misc
zaměstnavatel/zaměstnavatelka,employer,,B1,misc
bačkory,slippers,,B1,objects
boty,shoes,,B1,objects
brýle,glasses,,B1,objects
džíny,jeans,,B1,misc
halenka,jumper,,B1,misc
kalhotky,tights,,B1,misc
kapuce,hood,,B1,misc
kožešina,fur,,B1,misc
kožich,fur-coat,,B1,objects
kraťasy,shorts,,B1,misc
látk,material,,B1,misc
límc,collar,,B1,misc
mikina,sweatshirt,,B1,objects
náušnice,ear-ring,,B1,body
návrhář/návrhářka,clothes designer,,B1,objects
nohavice,pants-legs,,B1,animals
pantofle,splippers,,B1,body
pásek,belt,,B1,misc
plavky,swimsuit,,B1,misc
podkolenky,knee-socks,,B1,body
podpatk,heel,,B1,misc
ponožky,socks,,B1,misc
punčocháče,stockings,,B1,"misc,people"
pyžamo,pajamas,,B1,misc
sandály,sandals,,B1,misc
slipy,briefs,,B1,misc
šála,wrapper,,B1,misc
šaty,clothes,,B1,objects
šortky,shorts,,B1,misc
tepláky,sweatpants,,B1,animals
trenýrky,boxers,,B1,objects
výstřih,neckline,,B1,body
zákazník/zákaznice,customer,,B1,misc
zip,zipper,,B1,misc
župan,bathrobe,,B1,misc
bankovka,bank-note,,B1,places
bon,voucher,,B1,misc
dějepis,history,,B1,"misc,abstract"
dějiny,history,,B1,"misc,abstract"
komunismus,communism,,B1,misc
korupce,corruption,,B1,misc
odhalení,unveiling,,B1,misc
okupace,occupation,,B1,objects
pomník,monument,,B1,misc
puč,putsch,,B1,misc
represe,repression,,B1,misc
samizdat,samizdat,,B1,misc
socialismus,socialism,,B1,misc
tuzex,foreign-currency store during communism,,B1,places
volby,elections,,B1,"misc,event"
avantgarda,Avant-garde,,B1,animals
básnířka,poet,,B1,misc
buřič,fire-brand,,B1,misc
dramatik,playwright,,B1,"misc,abstract"
esejista/esejistka,essayist,,B1,misc
génius,genius,,B1,misc
kreslíř,someone who draws,,B1,misc
pravopis,orthography,,B1,misc
próza,prose,,B1,misc
prozaik,prose-writer,,B1,"misc,people"
představitel/představitelka,representative,,B1,objects
překladatel/překladatelka,translator,,B1,misc
publicista/publicistka,(political) columnist,,B1,misc
realismus,Realism,,B1,misc
romantismus,Romanticism,,B1,"misc,people"
scénárista/scénáristka,script writer,,B1,"misc,people"
surrealismus,Surrealism,,B1,misc
textář,writer of texts (song lyrics,,B1,"family,people"
umělec/umělkyně,artist,,B1,"misc,people"
underground,underground,,B1,misc
úryvk,excerpt,,B1,misc
zakladatel/zakladatelka,founder,,B1,misc
žánr,genre,,B1,misc
přírůstek,increment/increase,,B2,misc
přehmat,blunder/misstep,,B2,misc
průlom,breakthrough,,B2,"misc,abstract"
příslib,pledge/promise,,B2,"misc,abstract"
přebytek,surplus/excess,,B2,misc
ústupek,concession,,B2,"misc,abstract"
záchvěv,tremor/shiver,,B2,body
průnik,penetration/intersection,,B2,"misc,abstract"
výčet,enumeration/list,,B2,misc
průtah,delay/procrastination,,B2,"misc,time"
peníz,coin,,B2,objects
hřebíček,clove (spice),,B2,food
výtěžek,yield/proceeds,,B2,"misc,abstract"
krajíc,slice (of bread),,B2,food
chirurg,surgeon,,B2,"people,body"
archeolog,archaeologist,,B2,people
diplomat,diplomat,,B2,people
podvodník,fraudster/con artist,,B2,people
vyjednavač,negotiator,,B2,people
viník,culprit/offender,,B2,people
dědic,heir,,B2,people
zmocněnec,authorized representative,,B2,people
poručník,guardian,,B2,people
ochránce,protector/defender,,B2,people
strážce,guard/watchman,,B2,people
rádce,advisor/counselor,,B2,people
badatel,researcher/scholar,,B2,people
zprostředkovatel,mediator/broker,,B2,people
gymnasta,gymnast,,B2,people
pianista,pianist,,B2,people
aktivista,activist,,B2,people
idealista,idealist,,B2,people
houslista,violinist,,B2,people
husita,Hussite,,B2,people
pochoutka,delicacy/treat,,B2,food
pozvánka,invitation,,B2,"misc,objects"
pohlednice,postcard,,B2,objects
zástěrka,apron,,B2,objects
výloha,shop window/expense,,B2,"places,misc"
přepážka,counter/partition,,B2,"places,objects"
útrata,expense/spending,,B2,"misc,abstract"
přirážka,surcharge,,B2,"misc,abstract"
obžaloba,indictment/prosecution,,B2,"misc,abstract"
výstraha,warning/caution,,B2,"misc,abstract"
záštita,patronage/auspices,,B2,"misc,abstract"
záplata,patch,,B2,objects
úhrada,payment/reimbursement,,B2,"misc,abstract"
stolice,stool/seat,,B2,objects
svatyně,sanctuary/shrine,,B2,places
studnice,well (water source),,B2,"places,nature"
opatrnost,caution/prudence,,B2,"misc,abstract"
zvědavost,curiosity,,B2,"misc,abstract"
nedbalost,negligence/carelessness,,B2,"misc,abstract"
lhostejnost,indifference/apathy,,B2,"misc,abstract"
ješitnost,vanity/conceit,,B2,"misc,abstract"
vděčnost,gratitude/thankfulness,,B2,"misc,abstract"
svévolnost,arbitrariness/willfulness,,B2,"misc,abstract"
marnost,futility/vanity,,B2,"misc,abstract"
zručnost,dexterity/skill,,B2,"misc,abstract"
lstivost,cunning/craftiness,,B2,"misc,abstract"
neohroženost,fearlessness/intrepidity,,B2,"misc,abstract"
doupě,den/lair,,B2,"nature,animals"
brko,straw (drinking),,B2,objects
platidlo,currency/means of payment,,B2,"misc,objects"
pečivo,pastry/baked goods,,B2,food
tržiště,marketplace,,B2,places
pohřebiště,burial ground/cemetery,,B2,places
bojiště,battlefield,,B2,places
cvičiště,training ground,,B2,places
dějiště,scene (of events),,B2,places
kolbiště,arena/jousting ground,,B2,places
jehně,lamb,,B2,"animals,food"
sele,piglet,,B2,animals
štěně,puppy,,B2,animals
kotě,kitten,,B2,animals
rajče,tomato,,B2,food
koště,broom,,B2,objects
house,gosling,,B2,animals
vysvědčení,report card/certificate,,B2,"misc,objects"
odškodnění,compensation/indemnification,,B2,"misc,abstract"
pronásledování,persecution/pursuit,,B2,"misc,abstract"
přestěhování,relocation/moving,,B2,misc
nadání,talent/gift,,B2,"misc,abstract"
usnesení,resolution/decree,,B2,misc
uskutečnění,realization/fulfillment,,B2,"misc,abstract"
zprostředkování,mediation/brokerage,,B2,"misc,abstract"
povědomí,awareness,,B2,"misc,abstract"
odhodlání,determination/resolve,,B2,"misc,abstract"
spiknutí,conspiracy/plot,,B2,misc
pohoršení,outrage/scandal,,B2,"misc,abstract"
rozhořčení,indignation/outrage,,B2,"misc,abstract"
bažina,swamp/marsh,,B2,nature
mokřad,wetland,,B2,nature
útes,cliff/crag,,B2,nature
ledovec,glacier,,B2,nature
průsmyk,mountain pass,,B2,"nature,places"
vyslanec,envoy/ambassador,,B2,people
věřitel,creditor,,B2,people
dlužník,debtor,,B2,people
šarlatán,charlatan/quack,,B2,people
sklepení,vault/cellar,,B2,places
nábřeží,embankment/waterfront,,B2,places
šlacha,tendon/sinew,,B2,body
čelist,jaw,,B2,body
koření,spices/seasoning,,B2,food
uzenina,cured meat/deli meat,,B2,food
úsvit,dawn/daybreak,,B2,"time,nature"
soumrak,dusk/twilight,,B2,"time,nature"
mezidobí,interim/interval,,B2,time
přívěs,trailer,,B2,transportation
trajekt,ferry,,B2,transportation
gondola,gondola,,B2,transportation
gazela,gazelle,,B2,animals
tchoř,polecat/skunk,,B2,animals
jestřáb,hawk,,B2,animals
podstavec,pedestal/stand,,B2,objects
obojek,collar (for animals),,B2,"objects,animals"
závaží,weight/counterweight,,B2,objects
přezka,buckle,,B2,objects
hmoždíř,mortar (bowl),,B2,objects
velkomyslnost,generosity/magnanimity,,B2,"misc,abstract"
uhlazenost,refinement/polish,,B2,"misc,abstract"
zdrženlivost,restraint/temperance,,B2,"misc,abstract"
bezúhonnost,integrity/blamelessness,,B2,"misc,abstract"
křen,horseradish,hrad,A1,food
